n,median_acf_energy_reduction,median_lfr_reduction,median_variance_ratio,max_abs_mean_residual
8789,0.34589999627505597,0.7532499890895914,0.8714891702682649,0.06295560122277873
